filename,scalar_x,scalar_y,s_button
0.jpg,999.936,308.016,0
1.jpg,999.936,647.028,0
2.jpg,1001.088,266.976,0
3.jpg,1001.088,396.036,0
4.jpg,1001.088,481.03200000000004,0
5.jpg,1002.048,520.992,0
6.jpg,1002.048,559.9799999999999,0
7.jpg,1003.0079999999999,299.05199999999996,0
8.jpg,1003.9680000000001,370.00800000000004,0
9.jpg,1003.9680000000001,378.0,0
10.jpg,1003.9680000000001,434.05199999999996,0
11.jpg,1003.9680000000001,509.004,0
12.jpg,1003.9680000000001,614.952,0
13.jpg,1004.928,324.0,0
14.jpg,1004.928,330.048,0
15.jpg,1004.928,348.948,0
16.jpg,1004.928,377.028,0
17.jpg,1004.928,404.02799999999996,0
18.jpg,1004.928,675.972,0
19.jpg,1006.08,311.03999999999996,0
20.jpg,1006.08,321.948,0
21.jpg,1006.08,323.02799999999996,0
22.jpg,1006.08,331.992,0
23.jpg,1006.08,343.98,0
24.jpg,1006.08,362.988,0
25.jpg,1006.08,501.012,0
26.jpg,1006.08,564.948,0
27.jpg,1006.08,627.048,0
28.jpg,1007.04,324.0,0
29.jpg,1007.04,326.052,0
30.jpg,1007.04,343.008,0
31.jpg,1007.04,362.016,0
32.jpg,1007.04,421.956,0
33.jpg,1007.04,601.992,0
34.jpg,1007.04,659.9879999999999,0
35.jpg,1008.0,421.956,0
36.jpg,1008.0,559.0079999999999,0
37.jpg,1008.9599999999999,272.052,0
38.jpg,1008.9599999999999,367.956,0
39.jpg,1008.9599999999999,678.024,0
40.jpg,1009.9200000000001,373.032,0
41.jpg,1009.9200000000001,388.044,0
42.jpg,1009.9200000000001,459.972,0
43.jpg,1011.0719999999999,350.028,0
44.jpg,1011.0719999999999,393.012,0
45.jpg,1012.032,563.004,0
46.jpg,1012.032,735.048,0
47.jpg,1012.992,284.04,0
48.jpg,1012.992,353.052,0
49.jpg,1013.952,435.024,0
50.jpg,1014.9119999999999,355.968,0
51.jpg,1014.9119999999999,559.9799999999999,0
52.jpg,1014.9119999999999,663.0120000000001,0
53.jpg,1017.0239999999999,324.972,0
54.jpg,1017.0239999999999,331.02,0
55.jpg,1017.0239999999999,371.952,0
56.jpg,1017.0239999999999,558.0360000000001,0
57.jpg,1017.984,344.952,0
58.jpg,1017.984,582.0120000000001,0
59.jpg,1018.944,299.05199999999996,0
60.jpg,1018.944,362.988,0
61.jpg,1018.944,512.028,0
62.jpg,1019.904,520.02,0
63.jpg,1019.904,574.02,0
64.jpg,1021.056,327.024,0
65.jpg,1021.056,358.99199999999996,0
66.jpg,1021.056,424.008,0
67.jpg,1021.056,675.972,0
68.jpg,1022.016,348.948,0
69.jpg,1022.016,393.98400000000004,0
70.jpg,1022.016,439.99199999999996,0
71.jpg,1022.016,473.04,0
72.jpg,1022.016,608.04,0
73.jpg,1022.9760000000001,362.016,0
74.jpg,1022.9760000000001,471.96,0
75.jpg,1023.936,261.036,0
76.jpg,1023.936,378.0,0
77.jpg,1023.936,547.02,0
78.jpg,1023.936,587.952,0
79.jpg,1023.936,641.952,0
80.jpg,1023.936,694.0079999999999,0
81.jpg,1025.0880000000002,307.044,0
82.jpg,1025.0880000000002,343.98,0
83.jpg,1026.048,240.94799999999998,0
84.jpg,1026.048,307.044,0
85.jpg,1026.048,354.996,0
86.jpg,1026.048,385.992,0
87.jpg,1026.048,596.0519999999999,0
88.jpg,1026.048,610.956,0
89.jpg,1027.008,255.95999999999998,0
90.jpg,1027.008,300.996,0
91.jpg,1027.008,509.976,0
92.jpg,1027.008,671.976,0
93.jpg,1027.968,282.96000000000004,0
94.jpg,1027.968,359.964,0
95.jpg,1027.968,586.0079999999999,0
96.jpg,1027.968,628.9920000000001,0
97.jpg,1028.928,344.952,0
98.jpg,1028.928,373.032,0
99.jpg,1028.928,523.044,0
100.jpg,1030.08,249.048,0
101.jpg,1030.08,278.964,0
102.jpg,1030.08,494.964,0
103.jpg,1030.08,616.032,0
104.jpg,1030.08,632.0160000000001,0
105.jpg,1031.04,389.016,0
106.jpg,1031.04,396.036,0
107.jpg,1031.04,413.964,0
108.jpg,1031.04,490.968,0
109.jpg,1031.04,510.94800000000004,0
110.jpg,1031.04,621.0,0
111.jpg,1031.04,640.008,0
112.jpg,1031.04,674.028,0
113.jpg,1031.04,677.052,0
114.jpg,1032.0,301.968,0
115.jpg,1032.0,405.97200000000004,0
116.jpg,1032.96,577.044,0
117.jpg,1032.96,601.992,0
118.jpg,1032.96,644.004,0
119.jpg,1033.92,486.0,0
120.jpg,1033.92,566.028,0
121.jpg,1033.92,627.048,0
122.jpg,1033.92,685.044,0
123.jpg,1035.0720000000001,353.052,0
124.jpg,1035.0720000000001,436.968,0
125.jpg,1035.0720000000001,482.00399999999996,0
126.jpg,1035.0720000000001,605.0160000000001,0
127.jpg,1036.032,286.956,0
128.jpg,1036.032,309.96,0
129.jpg,1036.032,543.024,0
130.jpg,1036.032,589.032,0
131.jpg,1036.992,321.948,0
132.jpg,1037.952,273.996,0
133.jpg,1037.952,285.012,0
134.jpg,1037.952,448.956,0
135.jpg,1037.952,567.972,0
136.jpg,1038.912,303.048,0
137.jpg,1038.912,401.004,0
138.jpg,1040.0639999999999,482.00399999999996,0
139.jpg,1042.944,320.004,0
140.jpg,1042.944,330.048,0
141.jpg,1042.944,482.00399999999996,0
142.jpg,1043.904,625.968,0
143.jpg,1043.904,671.976,0
144.jpg,1043.904,736.992,0
145.jpg,1045.056,527.04,0
146.jpg,1045.056,624.996,0
147.jpg,1045.056,648.0,0
148.jpg,1046.0159999999998,397.008,0
149.jpg,1046.0159999999998,427.032,0
150.jpg,1046.976,297.0,0
151.jpg,1046.976,497.016,0
152.jpg,1047.936,443.016,0
153.jpg,1047.936,618.9480000000001,0
154.jpg,1047.936,664.956,0
155.jpg,1049.088,284.04,0
156.jpg,1049.088,290.952,0
157.jpg,1049.088,304.02,0
158.jpg,1049.088,363.96000000000004,0
159.jpg,1049.088,465.048,0
160.jpg,1049.088,528.0120000000001,0
161.jpg,1050.048,331.992,0
162.jpg,1050.048,505.98,0
163.jpg,1050.048,636.012,0
164.jpg,1050.048,670.0319999999999,0
165.jpg,1051.008,308.016,0
166.jpg,1051.008,398.952,0
167.jpg,1051.008,512.028,0
168.jpg,1051.008,652.9680000000001,0
169.jpg,1051.968,373.032,0
170.jpg,1051.968,478.98,0
171.jpg,1051.968,647.028,0
172.jpg,1052.9279999999999,396.036,0
173.jpg,1052.9279999999999,493.02000000000004,0
174.jpg,1054.0800000000002,454.032,0
175.jpg,1054.0800000000002,532.98,0
176.jpg,1055.04,375.94800000000004,0
177.jpg,1055.04,513.0,0
178.jpg,1056.96,365.04,0
179.jpg,1057.92,304.99199999999996,0
180.jpg,1057.92,505.98,0
181.jpg,1057.92,505.98,0
182.jpg,1057.92,671.0039999999999,0
183.jpg,1059.072,317.952,0
184.jpg,1059.072,354.024,0
185.jpg,1059.072,390.96,0
186.jpg,1059.072,585.036,0
187.jpg,1059.072,609.9839999999999,0
188.jpg,1059.072,643.032,0
189.jpg,1060.0320000000002,305.964,0
190.jpg,1060.0320000000002,339.98400000000004,0
191.jpg,1060.992,273.024,0
192.jpg,1060.992,299.05199999999996,0
193.jpg,1060.992,408.996,0
194.jpg,1060.992,663.984,0
195.jpg,1061.952,415.044,0
196.jpg,1061.952,482.976,0
197.jpg,1061.952,594.0,0
198.jpg,1064.064,326.052,0
199.jpg,1064.064,370.00800000000004,0
200.jpg,1064.064,421.956,0
201.jpg,1064.064,459.0,0
202.jpg,1064.064,674.028,0
203.jpg,1065.024,434.05199999999996,0
204.jpg,1065.024,562.0319999999999,0
205.jpg,1066.944,308.988,0
206.jpg,1066.944,431.028,0
207.jpg,1066.944,510.94800000000004,0
208.jpg,1068.096,297.0,0
209.jpg,1068.096,347.976,0
210.jpg,1068.096,367.956,0
211.jpg,1068.096,512.028,0
212.jpg,1069.056,587.952,0
213.jpg,1069.056,613.008,0
214.jpg,1070.016,311.03999999999996,0
215.jpg,1070.016,424.98,0
216.jpg,1070.016,546.048,0
217.jpg,1070.016,633.9599999999999,0
218.jpg,1070.9759999999999,342.036,0
219.jpg,1070.9759999999999,359.964,0
220.jpg,1070.9759999999999,407.052,0
221.jpg,1070.9759999999999,532.0079999999999,0
222.jpg,1070.9759999999999,620.028,0
223.jpg,1071.9360000000001,421.956,0
224.jpg,1071.9360000000001,536.976,0
225.jpg,1073.088,276.048,0
226.jpg,1073.088,365.04,0
227.jpg,1073.088,367.956,0
228.jpg,1073.088,590.976,0
229.jpg,1073.088,627.048,0
230.jpg,1074.048,355.968,0
231.jpg,1074.048,386.964,0
232.jpg,1074.048,388.044,0
233.jpg,1075.0079999999998,378.972,0
234.jpg,1075.0079999999998,385.992,0
235.jpg,1075.0079999999998,400.032,0
236.jpg,1075.0079999999998,443.988,0
237.jpg,1075.0079999999998,633.9599999999999,0
238.jpg,1075.968,452.952,0
239.jpg,1076.9279999999999,402.948,0
240.jpg,1076.9279999999999,628.02,0
241.jpg,1078.08,346.03200000000004,0
242.jpg,1078.08,525.96,0
243.jpg,1078.08,606.96,0
244.jpg,1079.0400000000002,371.952,0
245.jpg,1080.0,255.95999999999998,0
246.jpg,1080.0,326.052,0
247.jpg,1080.0,593.028,0
248.jpg,1080.0,613.98,0
249.jpg,1080.9599999999998,300.024,0
250.jpg,1080.9599999999998,374.004,0
251.jpg,1080.9599999999998,470.01599999999996,0
252.jpg,1080.9599999999998,569.052,0
253.jpg,1080.9599999999998,613.008,0
254.jpg,1081.92,338.04,0
255.jpg,1081.92,375.94800000000004,0
256.jpg,1081.92,667.98,0
257.jpg,1083.0720000000001,316.97999999999996,0
258.jpg,1083.0720000000001,340.95599999999996,0
259.jpg,1083.0720000000001,366.984,0
260.jpg,1083.0720000000001,447.984,0
261.jpg,1083.0720000000001,687.96,0
262.jpg,1084.032,262.98,0
263.jpg,1084.032,348.948,0
264.jpg,1084.032,421.956,0
265.jpg,1084.032,448.956,0
266.jpg,1084.032,632.0160000000001,0
267.jpg,1084.032,635.04,0
268.jpg,1084.032,705.996,0
269.jpg,1084.032,726.948,0
270.jpg,1084.9920000000002,293.00399999999996,0
271.jpg,1084.9920000000002,632.0160000000001,0
272.jpg,1084.9920000000002,677.052,0
273.jpg,1085.952,201.96,0
274.jpg,1085.952,351.97200000000004,0
275.jpg,1085.952,351.97200000000004,0
276.jpg,1085.952,420.012,0
277.jpg,1085.952,427.032,0
278.jpg,1086.912,443.988,0
279.jpg,1086.912,570.024,0
280.jpg,1088.0639999999999,548.9639999999999,0
281.jpg,1088.0639999999999,663.984,0
282.jpg,1088.0639999999999,699.948,0
283.jpg,1089.0240000000001,255.95999999999998,0
284.jpg,1089.0240000000001,332.964,0
285.jpg,1089.0240000000001,675.0,0
286.jpg,1089.0240000000001,691.956,0
287.jpg,1089.0240000000001,829.0079999999999,0
288.jpg,1089.984,277.992,0
289.jpg,1089.984,400.032,0
290.jpg,1089.984,620.028,0
291.jpg,1090.944,324.0,0
292.jpg,1090.944,442.044,0
293.jpg,1090.944,536.004,0
294.jpg,1090.944,635.04,0
295.jpg,1091.904,358.02000000000004,0
296.jpg,1091.904,409.968,0
297.jpg,1091.904,698.976,0
298.jpg,1093.056,381.99600000000004,0
299.jpg,1093.056,396.036,0
300.jpg,1094.0159999999998,679.9680000000001,0
301.jpg,1094.976,307.044,0
302.jpg,1094.976,451.00800000000004,0
303.jpg,1094.976,627.048,0
304.jpg,1095.936,508.032,0
305.jpg,1095.936,662.04,0
306.jpg,1095.936,686.016,0
307.jpg,1097.088,299.05199999999996,0
308.jpg,1097.088,347.976,0
309.jpg,1097.088,363.96000000000004,0
310.jpg,1097.088,525.96,0
311.jpg,1098.048,311.03999999999996,0
312.jpg,1098.048,363.96000000000004,0
313.jpg,1098.048,481.03200000000004,0
314.jpg,1098.048,632.0160000000001,0
315.jpg,1098.048,791.9639999999999,0
316.jpg,1099.008,253.044,0
317.jpg,1099.008,448.956,0
318.jpg,109.05600000000001,35.964000000000006,0
319.jpg,1099.9679999999998,411.048,0
320.jpg,1099.9679999999998,690.0120000000001,0
321.jpg,1100.928,321.948,0
322.jpg,1100.928,327.024,0
323.jpg,1100.928,370.98,0
324.jpg,1100.928,570.996,0
325.jpg,1102.08,276.048,0
326.jpg,1102.08,570.996,0
327.jpg,1102.08,608.04,0
328.jpg,1103.04,405.97200000000004,0
329.jpg,1104.0,702.972,0
330.jpg,1104.96,510.94800000000004,0
331.jpg,1104.96,550.044,0
332.jpg,1104.96,613.008,0
333.jpg,1104.96,694.9799999999999,0
334.jpg,1107.0720000000001,358.02000000000004,0
335.jpg,1107.0720000000001,396.036,0
336.jpg,1107.0720000000001,578.988,0
337.jpg,1107.0720000000001,618.9480000000001,0
338.jpg,1108.032,563.976,0
339.jpg,1108.032,612.036,0
340.jpg,1108.992,274.968,0
341.jpg,1108.992,459.972,0
342.jpg,1108.992,496.044,0
343.jpg,1108.992,535.032,0
344.jpg,1108.992,617.976,0
345.jpg,1109.952,316.97999999999996,0
346.jpg,1109.952,705.996,0
347.jpg,1110.912,331.02,0
348.jpg,1110.912,416.988,0
349.jpg,1110.912,540.0,0
350.jpg,1110.912,704.052,0
351.jpg,1112.064,377.028,0
352.jpg,1112.064,419.04,0
353.jpg,1113.024,300.024,0
354.jpg,1113.024,598.968,0
355.jpg,1113.9840000000002,435.996,0
356.jpg,1113.9840000000002,624.024,0
357.jpg,1114.944,354.024,0
358.jpg,1114.944,357.048,0
359.jpg,1114.944,660.96,0
360.jpg,1114.944,664.956,0
361.jpg,1114.944,694.0079999999999,0
362.jpg,1116.096,355.968,0
363.jpg,1116.096,357.048,0
364.jpg,1116.096,551.016,0
365.jpg,1117.056,366.012,0
366.jpg,1117.056,504.036,0
367.jpg,1117.056,583.9559999999999,0
368.jpg,1117.056,597.996,0
369.jpg,1118.016,265.032,0
370.jpg,1118.016,354.024,0
371.jpg,1118.016,358.02000000000004,0
372.jpg,1118.016,631.0440000000001,0
373.jpg,1118.016,693.0360000000001,0
374.jpg,1118.016,718.9559999999999,0
375.jpg,1118.9759999999999,358.02000000000004,0
376.jpg,1118.9759999999999,413.964,0
377.jpg,1119.9360000000001,597.996,0
378.jpg,1121.088,220.96800000000002,0
379.jpg,1121.088,269.02799999999996,0
380.jpg,1121.088,674.028,0
381.jpg,1122.048,297.972,0
382.jpg,1122.048,438.048,0
383.jpg,1122.048,559.0079999999999,0
384.jpg,1122.048,606.96,0
385.jpg,1122.048,609.012,0
386.jpg,1122.048,697.0319999999999,0
387.jpg,1123.008,288.036,0
388.jpg,1123.008,424.008,0
389.jpg,1123.968,585.036,0
390.jpg,1124.9279999999999,338.04,0
391.jpg,1124.9279999999999,452.952,0
392.jpg,1124.9279999999999,462.024,0
393.jpg,1124.9279999999999,624.996,0
394.jpg,1126.08,293.00399999999996,0
395.jpg,1126.08,334.04400000000004,0
396.jpg,1126.08,351.97200000000004,0
397.jpg,1126.08,381.024,0
398.jpg,1126.08,421.956,0
399.jpg,1126.08,434.05199999999996,0
400.jpg,1127.04,443.016,0
401.jpg,1127.04,510.94800000000004,0
402.jpg,1128.0,261.036,0
403.jpg,1128.0,269.02799999999996,0
404.jpg,1128.0,285.984,0
405.jpg,1128.0,328.96799999999996,0
406.jpg,1128.0,390.96,0
407.jpg,1128.0,396.036,0
408.jpg,1128.0,582.0120000000001,0
409.jpg,1128.0,613.008,0
410.jpg,1128.96,301.968,0
411.jpg,1128.96,425.952,0
412.jpg,1128.96,439.02,0
413.jpg,1128.96,617.976,0
414.jpg,1128.96,618.9480000000001,0
415.jpg,1129.92,386.964,0
416.jpg,1129.92,486.0,0
417.jpg,1129.92,644.976,0
418.jpg,1129.92,655.9920000000001,0
419.jpg,1129.92,728.028,0
420.jpg,1131.072,355.968,0
421.jpg,1132.032,504.036,0
422.jpg,1132.992,529.956,0
423.jpg,1132.992,594.972,0
424.jpg,999.936,416.01599999999996,100
425.jpg,999.936,416.988,100
426.jpg,999.936,496.044,100
427.jpg,1001.088,382.968,100
428.jpg,1001.088,618.9480000000001,100
429.jpg,1002.048,326.052,100
430.jpg,1002.048,436.968,100
431.jpg,1002.048,474.98400000000004,100
432.jpg,1002.048,687.96,100
433.jpg,1003.0079999999999,343.008,100
434.jpg,1003.0079999999999,419.04,100
435.jpg,1003.0079999999999,504.036,100
436.jpg,1003.0079999999999,504.036,100
437.jpg,1003.0079999999999,504.036,100
438.jpg,1003.0079999999999,504.036,100
439.jpg,1003.0079999999999,504.036,100
440.jpg,1003.0079999999999,504.036,100
441.jpg,1003.0079999999999,555.984,100
442.jpg,1004.928,342.036,100
443.jpg,1004.928,505.98,100
444.jpg,1004.928,505.98,100
445.jpg,1006.08,223.992,100
446.jpg,1006.08,320.004,100
447.jpg,1006.08,339.012,100
448.jpg,1006.08,404.02799999999996,100
449.jpg,1006.08,425.952,100
450.jpg,1007.04,389.016,100
451.jpg,1007.04,581.0400000000001,100
452.jpg,1007.04,633.9599999999999,100
453.jpg,1008.0,389.988,100
454.jpg,1008.0,408.024,100
455.jpg,1008.0,531.0360000000001,100
456.jpg,1008.0,578.016,100
457.jpg,1008.9599999999999,300.024,100
458.jpg,1008.9599999999999,344.952,100
459.jpg,1008.9599999999999,382.968,100
460.jpg,1008.9599999999999,388.044,100
461.jpg,1008.9599999999999,671.0039999999999,100
462.jpg,1009.9200000000001,320.004,100
463.jpg,1009.9200000000001,454.032,100
464.jpg,1009.9200000000001,496.044,100
465.jpg,1009.9200000000001,504.036,100
466.jpg,1011.0719999999999,389.988,100
467.jpg,1011.0719999999999,407.052,100
468.jpg,1011.0719999999999,482.976,100
469.jpg,1011.0719999999999,690.0120000000001,100
470.jpg,1012.032,293.976,100
471.jpg,1012.032,381.024,100
472.jpg,1012.992,353.052,100
473.jpg,1012.992,435.996,100
474.jpg,1012.992,513.972,100
475.jpg,1012.992,551.9879999999999,100
476.jpg,1012.992,628.9920000000001,100
477.jpg,1013.952,327.99600000000004,100
478.jpg,1014.9119999999999,636.984,100
479.jpg,1014.9119999999999,679.9680000000001,100
480.jpg,1016.064,288.036,100
481.jpg,1016.064,375.94800000000004,100
482.jpg,1016.064,664.956,100
483.jpg,1017.0239999999999,324.972,100
484.jpg,1017.0239999999999,354.996,100
485.jpg,1017.0239999999999,656.9639999999999,100
486.jpg,1017.984,273.024,100
487.jpg,1017.984,344.952,100
488.jpg,1017.984,386.964,100
489.jpg,1017.984,682.02,100
490.jpg,1018.944,405.97200000000004,100
491.jpg,1018.944,442.044,100
492.jpg,1018.944,505.00800000000004,100
493.jpg,1018.944,535.032,100
494.jpg,1018.944,555.984,100
495.jpg,1019.904,311.03999999999996,100
496.jpg,1019.904,342.036,100
497.jpg,1019.904,502.956,100
498.jpg,1023.936,307.044,100
499.jpg,1023.936,420.984,100
500.jpg,1025.0880000000002,307.044,100
501.jpg,1025.0880000000002,327.024,100
502.jpg,1025.0880000000002,332.964,100
503.jpg,1025.0880000000002,374.004,100
504.jpg,1025.0880000000002,385.02,100
505.jpg,1025.0880000000002,408.024,100
506.jpg,1025.0880000000002,423.036,100
507.jpg,1025.0880000000002,498.96000000000004,100
508.jpg,1025.0880000000002,528.0120000000001,100
509.jpg,1026.048,269.02799999999996,100
510.jpg,1026.048,371.952,100
511.jpg,1026.048,431.028,100
512.jpg,1027.008,300.996,100
513.jpg,1027.008,375.94800000000004,100
514.jpg,1027.008,413.964,100
515.jpg,1027.008,573.048,100
516.jpg,1027.008,613.98,100
517.jpg,1027.968,569.052,100
518.jpg,1028.928,247.968,100
519.jpg,1028.928,300.996,100
520.jpg,1028.928,398.952,100
521.jpg,1030.08,209.952,100
522.jpg,1030.08,343.98,100
523.jpg,1030.08,434.05199999999996,100
524.jpg,1030.08,481.03200000000004,100
525.jpg,1030.08,555.0120000000001,100
526.jpg,1030.08,578.016,100
527.jpg,1031.04,370.98,100
528.jpg,1031.04,439.99199999999996,100
529.jpg,1031.04,590.976,100
530.jpg,1032.0,313.956,100
531.jpg,1032.0,357.048,100
532.jpg,1032.0,502.956,100
533.jpg,1032.0,574.02,100
534.jpg,1032.0,628.9920000000001,100
535.jpg,1032.96,428.976,100
536.jpg,1032.96,525.96,100
537.jpg,1032.96,644.976,100
538.jpg,1032.96,702.972,100
539.jpg,1033.92,284.04,100
540.jpg,1033.92,328.96799999999996,100
541.jpg,1033.92,425.952,100
542.jpg,1033.92,467.964,100
543.jpg,1035.0720000000001,280.044,100
544.jpg,1035.0720000000001,317.952,100
545.jpg,1035.0720000000001,343.98,100
546.jpg,1035.0720000000001,559.0079999999999,100
547.jpg,1035.0720000000001,612.036,100
548.jpg,1035.0720000000001,648.0,100
549.jpg,1036.032,343.98,100
550.jpg,1036.032,343.98,100
551.jpg,1036.032,508.032,100
552.jpg,1036.992,308.988,100
553.jpg,1036.992,443.016,100
554.jpg,1036.992,602.964,100
555.jpg,1036.992,685.044,100
556.jpg,1037.952,273.024,100
557.jpg,1037.952,374.976,100
558.jpg,1038.912,373.032,100
559.jpg,1038.912,416.988,100
560.jpg,1038.912,466.02,100
561.jpg,1040.0639999999999,334.04400000000004,100
562.jpg,1040.0639999999999,366.012,100
563.jpg,1040.0639999999999,377.028,100
564.jpg,1040.0639999999999,465.048,100
565.jpg,1040.0639999999999,624.996,100
566.jpg,1040.0639999999999,662.04,100
567.jpg,1041.0240000000001,216.0,100
568.jpg,1041.0240000000001,481.03200000000004,100
569.jpg,1041.0240000000001,583.9559999999999,100
570.jpg,1041.984,648.0,100
571.jpg,1042.944,396.036,100
572.jpg,1042.944,421.956,100
573.jpg,1042.944,625.968,100
574.jpg,1042.944,625.968,100
575.jpg,1043.904,319.032,100
576.jpg,1043.904,536.004,100
577.jpg,1043.904,690.984,100
578.jpg,1045.056,412.992,100
579.jpg,1045.056,533.952,100
580.jpg,1045.056,535.032,100
581.jpg,1045.056,651.996,100
582.jpg,1045.056,664.956,100
583.jpg,1046.0159999999998,296.028,100
584.jpg,1046.0159999999998,299.05199999999996,100
585.jpg,1046.0159999999998,321.948,100
586.jpg,1046.0159999999998,339.98400000000004,100
587.jpg,1046.0159999999998,347.00399999999996,100
588.jpg,1046.0159999999998,361.044,100
589.jpg,1046.0159999999998,378.972,100
590.jpg,1046.0159999999998,393.98400000000004,100
591.jpg,1046.0159999999998,529.956,100
592.jpg,1046.0159999999998,617.976,100
593.jpg,1046.0159999999998,644.976,100
594.jpg,1046.0159999999998,737.964,100
595.jpg,1046.976,363.96000000000004,100
596.jpg,1046.976,366.984,100
597.jpg,1046.976,392.03999999999996,100
598.jpg,1046.976,409.968,100
599.jpg,1046.976,512.028,100
600.jpg,1046.976,512.028,100
601.jpg,1047.936,362.016,100
602.jpg,1047.936,377.028,100
603.jpg,1047.936,397.98,100
604.jpg,1047.936,425.952,100
605.jpg,1047.936,644.976,100
606.jpg,1049.088,297.972,100
607.jpg,1049.088,401.004,100
608.jpg,1049.088,409.968,100
609.jpg,1049.088,419.04,100
610.jpg,1049.088,439.99199999999996,100
611.jpg,1050.048,351.0,100
612.jpg,1050.048,362.988,100
613.jpg,1050.048,442.044,100
614.jpg,1050.048,478.98,100
615.jpg,1050.048,528.0120000000001,100
616.jpg,1050.048,602.964,100
617.jpg,1050.048,625.968,100
618.jpg,1051.008,324.0,100
619.jpg,1051.008,347.976,100
620.jpg,1051.008,405.0,100
621.jpg,1051.008,452.952,100
622.jpg,1051.008,496.044,100
623.jpg,1051.008,608.04,100
624.jpg,1051.008,608.04,100
625.jpg,1051.008,632.0160000000001,100
626.jpg,1051.968,346.03200000000004,100
627.jpg,1051.968,351.97200000000004,100
628.jpg,1051.968,365.04,100
629.jpg,1051.968,431.028,100
630.jpg,1051.968,456.948,100
631.jpg,1051.968,591.948,100
632.jpg,1052.9279999999999,274.968,100
633.jpg,1052.9279999999999,297.972,100
634.jpg,1052.9279999999999,308.016,100
635.jpg,1052.9279999999999,404.02799999999996,100
636.jpg,1052.9279999999999,431.028,100
637.jpg,1052.9279999999999,569.052,100
638.jpg,1052.9279999999999,624.996,100
639.jpg,1052.9279999999999,628.9920000000001,100
640.jpg,1054.0800000000002,308.988,100
641.jpg,1054.0800000000002,334.04400000000004,100
642.jpg,1054.0800000000002,411.048,100
643.jpg,1054.0800000000002,525.96,100
644.jpg,1054.0800000000002,543.024,100
645.jpg,1054.0800000000002,671.976,100
646.jpg,1055.04,339.98400000000004,100
647.jpg,1055.04,434.05199999999996,100
648.jpg,1055.04,505.98,100
649.jpg,1055.04,621.0,100
650.jpg,1055.04,648.0,100
651.jpg,1055.04,671.976,100
652.jpg,1055.04,713.988,100
653.jpg,1056.0,636.012,100
654.jpg,1056.96,293.00399999999996,100
655.jpg,1056.96,304.02,100
656.jpg,1056.96,620.028,100
657.jpg,1057.92,312.984,100
658.jpg,1057.92,407.052,100
659.jpg,1057.92,544.9680000000001,100
660.jpg,1057.92,597.996,100
661.jpg,1057.92,662.04,100
662.jpg,1059.072,365.04,100
663.jpg,1059.072,436.968,100
664.jpg,1059.072,478.98,100
665.jpg,1060.0320000000002,305.964,100
666.jpg,1060.0320000000002,373.032,100
667.jpg,1060.0320000000002,467.964,100
668.jpg,1060.0320000000002,610.956,100
669.jpg,1060.0320000000002,631.0440000000001,100
670.jpg,1060.992,309.96,100
671.jpg,1060.992,384.048,100
672.jpg,1060.992,385.02,100
673.jpg,1060.992,474.98400000000004,100
674.jpg,1060.992,478.008,100
675.jpg,1060.992,552.96,100
676.jpg,1060.992,629.964,100
677.jpg,1061.952,311.03999999999996,100
678.jpg,1061.952,316.97999999999996,100
679.jpg,1061.952,380.05199999999996,100
680.jpg,1061.952,394.956,100
681.jpg,1061.952,405.0,100
682.jpg,1061.952,613.98,100
683.jpg,1061.952,614.952,100
684.jpg,1062.912,632.9879999999999,100
685.jpg,1064.064,326.052,100
686.jpg,1064.064,535.032,100
687.jpg,1064.064,581.0400000000001,100
688.jpg,1064.064,652.9680000000001,100
689.jpg,1064.064,674.028,100
690.jpg,1064.064,679.9680000000001,100
691.jpg,1065.024,326.052,100
692.jpg,1065.024,344.952,100
693.jpg,1065.024,470.988,100
694.jpg,1065.9840000000002,374.004,100
695.jpg,1065.9840000000002,419.04,100
696.jpg,1065.9840000000002,508.032,100
697.jpg,1066.944,307.044,100
698.jpg,1066.944,320.004,100
699.jpg,1066.944,339.98400000000004,100
700.jpg,1066.944,346.03200000000004,100
701.jpg,1066.944,436.968,100
702.jpg,1068.096,312.984,100
703.jpg,1068.096,362.016,100
704.jpg,1068.096,604.044,100
705.jpg,1068.096,636.012,100
706.jpg,1068.096,687.96,100
707.jpg,1068.096,716.0400000000001,100
708.jpg,1069.056,262.98,100
709.jpg,1069.056,317.952,100
710.jpg,1069.056,652.9680000000001,100
711.jpg,1070.016,297.972,100
712.jpg,1070.016,299.05199999999996,100
713.jpg,1070.016,393.98400000000004,100
714.jpg,1070.016,424.98,100
715.jpg,1070.9759999999999,407.052,100
716.jpg,1070.9759999999999,470.988,100
717.jpg,1070.9759999999999,520.992,100
718.jpg,1070.9759999999999,609.9839999999999,100
719.jpg,1070.9759999999999,621.0,100
720.jpg,1070.9759999999999,682.992,100
721.jpg,1070.9759999999999,702.972,100
722.jpg,1071.9360000000001,238.032,100
723.jpg,1071.9360000000001,308.988,100
724.jpg,1071.9360000000001,393.98400000000004,100
725.jpg,1071.9360000000001,419.04,100
726.jpg,1071.9360000000001,429.94800000000004,100
727.jpg,1073.088,342.036,100
728.jpg,1073.088,378.972,100
729.jpg,1073.088,419.04,100
730.jpg,1073.088,678.9960000000001,100
731.jpg,1073.088,682.02,100
732.jpg,1074.048,339.98400000000004,100
733.jpg,1074.048,389.988,100
734.jpg,1075.0079999999998,316.97999999999996,100
735.jpg,1075.0079999999998,362.016,100
736.jpg,1076.9279999999999,335.988,100
737.jpg,1076.9279999999999,428.00399999999996,100
738.jpg,1076.9279999999999,477.036,100
739.jpg,1076.9279999999999,525.96,100
740.jpg,1078.08,428.00399999999996,100
741.jpg,1078.08,489.996,100
742.jpg,1078.08,548.9639999999999,100
743.jpg,1078.08,601.992,100
744.jpg,1078.08,682.992,100
745.jpg,1079.0400000000002,321.948,100
746.jpg,1079.0400000000002,470.01599999999996,100
747.jpg,1079.0400000000002,598.968,100
748.jpg,1079.0400000000002,625.968,100
749.jpg,1079.0400000000002,645.948,100
750.jpg,1080.0,370.98,100
751.jpg,1080.9599999999998,350.028,100
752.jpg,1080.9599999999998,651.024,100
753.jpg,1080.9599999999998,694.0079999999999,100
754.jpg,1081.92,365.04,100
755.jpg,1081.92,415.044,100
756.jpg,1081.92,578.016,100
757.jpg,1081.92,590.004,100
758.jpg,1081.92,609.012,100
759.jpg,1083.0720000000001,344.952,100
760.jpg,1083.0720000000001,355.968,100
761.jpg,1083.0720000000001,367.956,100
762.jpg,1083.0720000000001,425.952,100
763.jpg,1083.0720000000001,600.048,100
764.jpg,1083.0720000000001,639.0360000000001,100
765.jpg,1084.032,354.996,100
766.jpg,1084.032,432.972,100
767.jpg,1084.032,516.996,100
768.jpg,1084.032,524.0160000000001,100
769.jpg,1084.032,524.0160000000001,100
770.jpg,1084.032,559.0079999999999,100
771.jpg,1084.9920000000002,290.952,100
772.jpg,1084.9920000000002,308.988,100
773.jpg,1084.9920000000002,313.956,100
774.jpg,1084.9920000000002,373.032,100
775.jpg,1084.9920000000002,459.0,100
776.jpg,1084.9920000000002,528.0120000000001,100
777.jpg,1085.952,351.97200000000004,100
778.jpg,1085.952,351.97200000000004,100
779.jpg,1085.952,354.996,100
780.jpg,1085.952,359.964,100
781.jpg,1085.952,412.992,100
782.jpg,1085.952,478.008,100
783.jpg,1085.952,524.0160000000001,100
784.jpg,1085.952,524.0160000000001,100
785.jpg,1085.952,524.0160000000001,100
786.jpg,1085.952,524.0160000000001,100
787.jpg,1085.952,605.988,100
788.jpg,1085.952,628.02,100
789.jpg,1086.912,367.956,100
790.jpg,1086.912,373.032,100
791.jpg,1086.912,377.028,100
792.jpg,1086.912,489.996,100
793.jpg,1086.912,563.004,100
794.jpg,1086.912,563.976,100
795.jpg,1086.912,609.9839999999999,100
796.jpg,1088.0639999999999,361.044,100
797.jpg,1088.0639999999999,362.016,100
798.jpg,1088.0639999999999,401.004,100
799.jpg,1088.0639999999999,413.964,100
800.jpg,1088.0639999999999,463.96799999999996,100
801.jpg,1088.0639999999999,494.964,100
802.jpg,1088.0639999999999,560.952,100
803.jpg,1088.0639999999999,563.976,100
804.jpg,1088.0639999999999,602.964,100
805.jpg,1088.0639999999999,612.036,100
806.jpg,1089.0240000000001,317.952,100
807.jpg,1089.0240000000001,321.948,100
808.jpg,1089.0240000000001,346.03200000000004,100
809.jpg,1089.0240000000001,347.976,100
810.jpg,1089.984,435.996,100
811.jpg,1089.984,438.048,100
812.jpg,1089.984,438.048,100
813.jpg,1089.984,438.048,100
814.jpg,1089.984,455.976,100
815.jpg,1089.984,563.976,100
816.jpg,1089.984,574.992,100
817.jpg,1090.944,324.0,100
818.jpg,1090.944,332.964,100
819.jpg,1090.944,489.024,100
820.jpg,1090.944,574.992,100
821.jpg,1090.944,582.0120000000001,100
822.jpg,1090.944,681.048,100
823.jpg,1091.904,232.95600000000002,100
824.jpg,1091.904,300.024,100
825.jpg,1091.904,358.02000000000004,100
826.jpg,1091.904,397.008,100
827.jpg,1091.904,401.004,100
828.jpg,1091.904,434.05199999999996,100
829.jpg,1091.904,434.05199999999996,100
830.jpg,1091.904,434.05199999999996,100
831.jpg,1091.904,434.05199999999996,100
832.jpg,1091.904,434.05199999999996,100
833.jpg,1091.904,434.05199999999996,100
834.jpg,1091.904,434.05199999999996,100
835.jpg,1091.904,434.05199999999996,100
836.jpg,1091.904,434.05199999999996,100
837.jpg,1091.904,436.968,100
838.jpg,1091.904,489.996,100
839.jpg,1091.904,494.964,100
840.jpg,1091.904,537.948,100
841.jpg,1091.904,563.004,100
842.jpg,1091.904,563.004,100
843.jpg,1091.904,629.964,100
844.jpg,1093.056,386.964,100
845.jpg,1093.056,412.02,100
846.jpg,1093.056,416.01599999999996,100
847.jpg,1093.056,456.948,100
848.jpg,1093.056,496.044,100
849.jpg,1093.056,567.972,100
850.jpg,1093.056,606.96,100
851.jpg,1093.056,644.004,100
852.jpg,1094.0159999999998,351.0,100
853.jpg,1094.0159999999998,357.048,100
854.jpg,1094.0159999999998,365.04,100
855.jpg,1094.0159999999998,408.024,100
856.jpg,1094.0159999999998,434.05199999999996,100
857.jpg,1094.0159999999998,582.9839999999999,100
858.jpg,1094.0159999999998,589.032,100
859.jpg,1094.0159999999998,627.048,100
860.jpg,1094.0159999999998,644.976,100
861.jpg,1094.0159999999998,690.0120000000001,100
862.jpg,1094.976,390.96,100
863.jpg,1094.976,435.996,100
864.jpg,1094.976,447.984,100
865.jpg,1095.936,304.02,100
866.jpg,1095.936,338.04,100
867.jpg,1095.936,347.00399999999996,100
868.jpg,1095.936,362.016,100
869.jpg,1095.936,436.968,100
870.jpg,1095.936,705.024,100
871.jpg,1095.936,740.988,100
872.jpg,1097.088,321.948,100
873.jpg,1097.088,328.96799999999996,100
874.jpg,1097.088,448.956,100
875.jpg,1097.088,524.9879999999999,100
876.jpg,1097.088,663.0120000000001,100
877.jpg,1098.048,366.012,100
878.jpg,1098.048,411.048,100
879.jpg,1098.048,412.02,100
880.jpg,1098.048,425.952,100
881.jpg,1098.048,500.04,100
882.jpg,1098.048,689.04,100
883.jpg,1099.008,336.96,100
884.jpg,1099.008,347.00399999999996,100
885.jpg,1099.008,351.0,100
886.jpg,1099.008,351.97200000000004,100
887.jpg,1099.008,366.012,100
888.jpg,1099.008,378.972,100
889.jpg,1099.008,632.0160000000001,100
890.jpg,1099.008,883.008,100
891.jpg,1099.9679999999998,366.984,100
892.jpg,1099.9679999999998,455.976,100
893.jpg,1100.928,443.016,100
894.jpg,1100.928,489.996,100
895.jpg,1102.08,250.992,100
896.jpg,1102.08,303.048,100
897.jpg,1102.08,340.95599999999996,100
898.jpg,1102.08,363.96000000000004,100
899.jpg,1102.08,380.05199999999996,100
900.jpg,1102.08,420.984,100
901.jpg,1102.08,443.988,100
902.jpg,1102.08,537.948,100
903.jpg,1102.08,620.028,100
904.jpg,1102.08,705.024,100
905.jpg,1102.08,717.9839999999999,100
906.jpg,1103.04,350.028,100
907.jpg,1103.04,377.028,100
908.jpg,1103.04,396.036,100
909.jpg,1103.04,420.984,100
910.jpg,1103.04,443.988,100
911.jpg,1103.04,556.956,100
912.jpg,1103.04,579.96,100
913.jpg,1103.04,633.9599999999999,100
914.jpg,1104.0,320.004,100
915.jpg,1104.0,343.98,100
916.jpg,1104.0,351.0,100
917.jpg,1104.0,444.96,100
918.jpg,1104.0,455.004,100
919.jpg,1104.0,627.048,100
920.jpg,1104.0,697.0319999999999,100
921.jpg,1104.0,701.028,100
922.jpg,1104.0,737.964,100
923.jpg,1104.96,332.964,100
924.jpg,1104.96,358.99199999999996,100
925.jpg,1104.96,397.008,100
926.jpg,1104.96,532.98,100
927.jpg,1104.96,632.9879999999999,100
928.jpg,1105.9199999999998,317.952,100
929.jpg,1105.9199999999998,335.01599999999996,100
930.jpg,1105.9199999999998,401.976,100
931.jpg,1105.9199999999998,470.988,100
932.jpg,1105.9199999999998,494.964,100
933.jpg,1105.9199999999998,555.984,100
934.jpg,1105.9199999999998,597.024,100
935.jpg,1107.0720000000001,358.02000000000004,100
936.jpg,1107.0720000000001,375.94800000000004,100
937.jpg,1107.0720000000001,400.032,100
938.jpg,1107.0720000000001,412.02,100
939.jpg,1107.0720000000001,415.044,100
940.jpg,1107.0720000000001,512.028,100
941.jpg,1107.0720000000001,613.008,100
942.jpg,1107.0720000000001,625.968,100
943.jpg,1108.032,370.98,100
944.jpg,1108.032,370.98,100
945.jpg,1108.032,389.988,100
946.jpg,1108.032,601.992,100
947.jpg,1108.032,609.012,100
948.jpg,1108.032,636.012,100
949.jpg,1108.032,672.948,100
950.jpg,1108.992,301.968,100
951.jpg,1108.992,351.97200000000004,100
952.jpg,1108.992,367.956,100
953.jpg,1108.992,390.96,100
954.jpg,1108.992,390.96,100
955.jpg,1108.992,402.948,100
956.jpg,1108.992,408.996,100
957.jpg,1108.992,413.964,100
958.jpg,1108.992,443.016,100
959.jpg,1108.992,569.052,100
960.jpg,1108.992,645.948,100
961.jpg,1108.992,706.968,100
962.jpg,1109.952,366.984,100
963.jpg,1109.952,641.952,100
964.jpg,1109.952,708.048,100
965.jpg,1110.912,432.972,100
966.jpg,1110.912,623.052,100
967.jpg,1110.912,639.0360000000001,100
968.jpg,1110.912,641.952,100
969.jpg,1110.912,647.028,100
970.jpg,1112.064,299.05199999999996,100
971.jpg,1112.064,358.02000000000004,100
972.jpg,1112.064,362.988,100
973.jpg,1112.064,416.988,100
974.jpg,1112.064,516.996,100
975.jpg,1112.064,608.04,100
976.jpg,1113.024,328.96799999999996,100
977.jpg,1113.024,361.044,100
978.jpg,1113.024,407.052,100
979.jpg,1113.024,419.04,100
980.jpg,1113.024,450.036,100
981.jpg,1113.024,548.9639999999999,100
982.jpg,1113.024,606.96,100
983.jpg,1113.024,629.964,100
984.jpg,1113.9840000000002,354.024,100
985.jpg,1113.9840000000002,369.036,100
986.jpg,1113.9840000000002,606.96,100
987.jpg,1113.9840000000002,639.0360000000001,100
988.jpg,1114.944,253.044,100
989.jpg,1114.944,330.048,100
990.jpg,1114.944,366.012,100
991.jpg,1114.944,370.98,100
992.jpg,1114.944,504.036,100
993.jpg,1114.944,664.956,100
994.jpg,1114.944,690.984,100
995.jpg,1114.944,795.96,100
996.jpg,1116.096,454.032,100
997.jpg,1116.096,489.996,100
998.jpg,1116.096,563.976,100
999.jpg,1116.096,577.044,100
1000.jpg,1116.096,633.9599999999999,100
1001.jpg,1117.056,315.036,100
1002.jpg,1117.056,351.0,100
1003.jpg,1117.056,355.968,100
1004.jpg,1117.056,380.05199999999996,100
1005.jpg,1117.056,419.04,100
1006.jpg,1117.056,428.976,100
1007.jpg,1117.056,434.05199999999996,100
1008.jpg,1117.056,447.012,100
1009.jpg,1117.056,455.976,100
1010.jpg,1117.056,532.0079999999999,100
1011.jpg,1117.056,562.0319999999999,100
1012.jpg,1117.056,597.024,100
1013.jpg,1117.056,667.98,100
1014.jpg,1117.056,691.956,100
1015.jpg,1118.016,343.008,100
1016.jpg,1118.016,367.956,100
1017.jpg,1118.016,432.0,100
1018.jpg,1118.016,438.048,100
1019.jpg,1118.016,590.976,100
1020.jpg,1118.016,594.0,100
1021.jpg,1118.016,667.98,100
1022.jpg,1118.9759999999999,351.97200000000004,100
1023.jpg,1118.9759999999999,351.97200000000004,100
1024.jpg,1118.9759999999999,361.044,100
1025.jpg,1118.9759999999999,425.952,100
1026.jpg,1118.9759999999999,528.0120000000001,100
1027.jpg,1118.9759999999999,578.016,100
1028.jpg,1118.9759999999999,656.9639999999999,100
1029.jpg,1118.9759999999999,671.0039999999999,100
1030.jpg,1118.9759999999999,705.024,100
1031.jpg,1118.9759999999999,755.028,100
1032.jpg,1119.9360000000001,315.036,100
1033.jpg,1119.9360000000001,342.036,100
1034.jpg,1119.9360000000001,351.97200000000004,100
1035.jpg,1119.9360000000001,389.988,100
1036.jpg,1119.9360000000001,512.028,100
1037.jpg,1119.9360000000001,600.048,100
1038.jpg,1119.9360000000001,625.968,100
1039.jpg,1119.9360000000001,637.956,100
1040.jpg,1119.9360000000001,645.948,100
1041.jpg,1121.088,312.984,100
1042.jpg,1121.088,355.968,100
1043.jpg,1121.088,523.044,100
1044.jpg,1122.048,293.976,100
1045.jpg,1122.048,367.956,100
1046.jpg,1122.048,374.976,100
1047.jpg,1122.048,493.02000000000004,100
1048.jpg,1122.048,535.032,100
1049.jpg,1123.008,366.984,100
1050.jpg,1123.008,405.0,100
1051.jpg,1123.008,509.004,100
1052.jpg,1123.008,562.0319999999999,100
1053.jpg,1123.008,589.032,100
1054.jpg,1123.008,702.972,100
1055.jpg,1123.968,455.976,100
1056.jpg,1123.968,550.044,100
1057.jpg,1123.968,593.028,100
1058.jpg,1123.968,654.048,100
1059.jpg,1124.9279999999999,358.02000000000004,100
1060.jpg,1124.9279999999999,547.02,100
1061.jpg,1124.9279999999999,624.024,100
1062.jpg,1126.08,273.996,100
1063.jpg,1126.08,455.976,100
1064.jpg,1126.08,458.02799999999996,100
1065.jpg,1126.08,529.956,100
1066.jpg,1126.08,597.996,100
1067.jpg,1126.08,598.968,100
1068.jpg,1126.08,606.96,100
1069.jpg,1126.08,606.96,100
1070.jpg,1126.08,640.98,100
1071.jpg,1127.04,299.05199999999996,100
1072.jpg,1127.04,308.016,100
1073.jpg,1127.04,311.03999999999996,100
1074.jpg,1127.04,336.96,100
1075.jpg,1127.04,351.97200000000004,100
1076.jpg,1127.04,369.036,100
1077.jpg,1127.04,420.012,100
1078.jpg,1127.04,490.968,100
1079.jpg,1127.04,498.96000000000004,100
1080.jpg,1127.04,501.012,100
1081.jpg,1127.04,547.992,100
1082.jpg,1127.04,550.044,100
1083.jpg,1128.0,431.028,100
1084.jpg,1128.0,516.024,100
1085.jpg,1128.0,519.048,100
1086.jpg,1128.0,524.9879999999999,100
1087.jpg,1128.0,600.048,100
1088.jpg,1128.0,668.952,100
1089.jpg,1128.96,324.0,100
1090.jpg,1128.96,640.98,100
1091.jpg,1128.96,705.024,100
1092.jpg,1129.92,346.03200000000004,100
1093.jpg,1129.92,390.96,100
1094.jpg,1129.92,394.956,100
1095.jpg,1129.92,439.02,100
1096.jpg,1129.92,486.0,100
1097.jpg,1129.92,606.96,100
1098.jpg,1131.072,369.036,100
1099.jpg,1131.072,513.972,100
1100.jpg,1132.032,348.948,100
1101.jpg,1132.032,389.988,100
1102.jpg,1132.032,408.996,100
1103.jpg,1132.032,432.972,100
1104.jpg,1132.032,475.95599999999996,100
1105.jpg,1132.032,490.968,100
1106.jpg,1132.032,605.988,100
1107.jpg,1132.032,609.9839999999999,100
1108.jpg,1132.992,338.04,100
1109.jpg,1132.992,358.99199999999996,100
1110.jpg,1132.992,543.024,100
1111.jpg,1132.992,550.044,100
1112.jpg,1133.952,353.052,100
1113.jpg,1133.952,354.996,100
1114.jpg,1133.952,355.968,100
1115.jpg,1133.952,363.96000000000004,100
1116.jpg,1133.952,367.956,100
1117.jpg,1133.952,374.004,100
1118.jpg,1133.952,401.976,100
1119.jpg,1133.952,705.996,100
1120.jpg,1134.9119999999998,316.00800000000004,100
1121.jpg,1134.9119999999998,347.976,100
1122.jpg,1134.9119999999998,359.964,100
1123.jpg,1134.9119999999998,389.016,100
1124.jpg,1134.9119999999998,396.036,100
1125.jpg,1134.9119999999998,404.02799999999996,100
1126.jpg,1134.9119999999998,434.05199999999996,100
1127.jpg,1134.9119999999998,521.964,100
1128.jpg,1134.9119999999998,559.9799999999999,100
1129.jpg,1134.9119999999998,636.984,100
1130.jpg,1134.9119999999998,659.016,100
1131.jpg,1134.9119999999998,672.948,100
1132.jpg,1136.064,474.012,100
1133.jpg,1136.064,636.012,100
1134.jpg,1136.064,675.972,100
1135.jpg,1137.024,315.036,100
1136.jpg,1137.024,493.02000000000004,100
1137.jpg,1137.024,529.956,100
1138.jpg,1137.024,610.956,100
1139.jpg,1137.024,632.0160000000001,100
1140.jpg,1137.024,717.0120000000001,100
1141.jpg,1137.984,276.048,100
1142.jpg,1137.984,284.04,100
1143.jpg,1137.984,357.048,100
1144.jpg,1137.984,407.052,100
1145.jpg,1137.984,443.988,100
1146.jpg,1137.984,493.02000000000004,100
1147.jpg,1137.984,493.02000000000004,100
1148.jpg,1137.984,586.0079999999999,100
1149.jpg,1137.984,709.02,100
1150.jpg,1137.984,760.968,100
1151.jpg,1138.944,335.988,100
1152.jpg,1138.944,390.96,100
1153.jpg,1138.944,439.99199999999996,100
1154.jpg,1138.944,447.012,100
1155.jpg,1138.944,527.04,100
1156.jpg,1138.944,535.032,100
1157.jpg,1138.944,550.044,100
1158.jpg,1138.944,609.012,100
1159.jpg,1140.096,542.052,100
1160.jpg,1140.096,613.98,100
1161.jpg,1140.096,620.028,100
1162.jpg,1141.056,307.044,100
1163.jpg,1141.056,336.96,100
1164.jpg,1141.056,388.044,100
1165.jpg,1141.056,397.98,100
1166.jpg,1141.056,401.976,100
1167.jpg,1141.056,432.0,100
1168.jpg,1141.056,601.992,100
1169.jpg,1141.056,679.9680000000001,100
1170.jpg,1142.016,390.96,100
1171.jpg,1142.016,402.948,100
1172.jpg,1142.016,570.024,100
1173.jpg,1142.016,594.0,100
1174.jpg,1142.016,641.952,100
1175.jpg,1142.016,651.996,100
1176.jpg,1142.976,288.036,100
1177.jpg,1142.976,446.03999999999996,100
1178.jpg,1142.976,446.03999999999996,100
1179.jpg,1142.976,501.012,100
1180.jpg,1142.976,554.04,100
1181.jpg,1143.936,270.0,100
1182.jpg,1143.936,327.024,100
1183.jpg,1143.936,420.012,100
1184.jpg,1143.936,536.976,100
1185.jpg,1143.936,539.028,100
1186.jpg,1143.936,650.052,100
1187.jpg,1143.936,663.0120000000001,100
1188.jpg,1146.048,297.0,100
1189.jpg,1146.048,323.02799999999996,100
1190.jpg,1146.048,359.964,100
1191.jpg,1146.048,384.048,100
1192.jpg,1146.048,493.02000000000004,100
1193.jpg,1147.008,307.044,100
1194.jpg,1147.008,384.048,100
1195.jpg,1147.008,617.976,100
1196.jpg,1147.968,320.004,100
1197.jpg,1147.968,338.04,100
1198.jpg,1147.968,373.032,100
1199.jpg,1147.968,397.98,100
1200.jpg,1147.968,446.03999999999996,100
1201.jpg,1147.968,482.00399999999996,100
1202.jpg,1147.968,482.00399999999996,100
1203.jpg,1147.968,744.9839999999999,100
1204.jpg,1148.928,373.032,100
1205.jpg,1148.928,413.964,100
1206.jpg,1148.928,548.9639999999999,100
1207.jpg,1150.08,297.972,100
1208.jpg,1150.08,373.032,100
1209.jpg,1150.08,401.976,100
1210.jpg,1150.08,562.0319999999999,100
1211.jpg,1150.08,604.044,100
1212.jpg,1150.08,635.04,100
1213.jpg,1150.08,659.9879999999999,100
1214.jpg,1150.08,664.956,100
1215.jpg,1150.08,708.048,100
1216.jpg,1150.08,728.028,100
1217.jpg,1151.04,348.948,100
1218.jpg,1151.04,420.984,100
1219.jpg,1151.04,459.972,100
1220.jpg,1151.04,659.9879999999999,100
1221.jpg,1152.0,380.05199999999996,100
1222.jpg,1152.0,382.968,100
1223.jpg,1152.0,400.032,100
1224.jpg,1152.0,471.96,100
1225.jpg,1152.0,578.988,100
1226.jpg,1152.0,612.036,100
1227.jpg,1152.96,450.036,100
1228.jpg,1152.96,451.00800000000004,100
1229.jpg,1152.96,586.98,100
1230.jpg,1152.96,637.956,100
1231.jpg,1152.96,639.0360000000001,100
1232.jpg,1152.96,654.048,100
1233.jpg,1153.92,307.044,100
1234.jpg,1153.92,392.03999999999996,100
1235.jpg,1153.92,397.98,100
1236.jpg,1153.92,416.988,100
1237.jpg,1153.92,567.972,100
1238.jpg,1153.92,582.9839999999999,100
1239.jpg,1153.92,659.016,100
1240.jpg,1155.0720000000001,308.016,100
1241.jpg,1155.0720000000001,411.048,100
1242.jpg,1155.0720000000001,447.984,100
1243.jpg,1155.0720000000001,516.996,100
1244.jpg,1156.032,446.03999999999996,100
1245.jpg,1156.032,597.996,100
1246.jpg,1156.992,282.96000000000004,100
1247.jpg,1156.992,285.984,100
1248.jpg,1156.992,300.996,100
1249.jpg,1156.992,382.968,100
1250.jpg,1156.992,389.988,100
1251.jpg,1156.992,421.956,100
1252.jpg,1156.992,478.98,100
1253.jpg,1156.992,589.032,100
1254.jpg,1156.992,613.98,100
1255.jpg,1157.952,312.984,100
1256.jpg,1157.952,312.984,100
1257.jpg,1157.952,339.012,100
1258.jpg,1157.952,393.012,100
1259.jpg,1157.952,461.052,100
1260.jpg,1157.952,479.952,100
1261.jpg,1157.952,510.94800000000004,100
1262.jpg,1157.952,593.028,100
1263.jpg,1157.952,597.996,100
1264.jpg,1158.912,307.044,100
1265.jpg,1158.912,366.012,100
1266.jpg,1158.912,644.976,100
1267.jpg,1158.912,716.0400000000001,100
1268.jpg,1160.0639999999999,293.976,100
1269.jpg,1160.0639999999999,317.952,100
1270.jpg,1160.0639999999999,317.952,100
1271.jpg,1160.0639999999999,320.004,100
1272.jpg,1160.0639999999999,374.976,100
1273.jpg,1160.0639999999999,386.964,100
1274.jpg,1160.0639999999999,390.96,100
1275.jpg,1160.0639999999999,498.96000000000004,100
1276.jpg,1161.0240000000001,315.036,100
1277.jpg,1161.0240000000001,532.0079999999999,100
1278.jpg,1161.0240000000001,544.9680000000001,100
1279.jpg,1161.0240000000001,613.98,100
1280.jpg,1161.0240000000001,689.04,100
1281.jpg,1161.984,350.028,100
1282.jpg,1161.984,385.02,100
1283.jpg,1161.984,601.02,100
1284.jpg,1161.984,606.96,100
1285.jpg,1161.984,621.972,100
1286.jpg,1161.984,658.044,100
1287.jpg,1161.984,694.0079999999999,100
1288.jpg,1162.944,304.02,100
1289.jpg,1162.944,315.036,100
1290.jpg,1162.944,320.976,100
1291.jpg,1162.944,339.012,100
1292.jpg,1162.944,559.0079999999999,100
1293.jpg,1162.944,594.972,100
1294.jpg,1162.944,620.028,100
1295.jpg,1162.944,672.948,100
1296.jpg,1163.904,304.02,100
1297.jpg,1163.904,447.012,100
1298.jpg,1163.904,461.052,100
1299.jpg,1163.904,466.992,100
1300.jpg,1163.904,623.052,100
1301.jpg,1163.904,650.052,100
1302.jpg,1163.904,679.9680000000001,100
1303.jpg,1165.056,307.044,100
1304.jpg,1165.056,358.02000000000004,100
1305.jpg,1165.056,396.036,100
1306.jpg,1166.0159999999998,301.968,100
1307.jpg,1166.0159999999998,330.048,100
1308.jpg,1166.0159999999998,331.02,100
1309.jpg,1166.0159999999998,331.02,100
1310.jpg,1166.0159999999998,596.0519999999999,100
1311.jpg,1166.0159999999998,609.9839999999999,100
1312.jpg,1166.0159999999998,650.052,100
1313.jpg,1166.976,327.024,100
1314.jpg,1166.976,334.04400000000004,100
1315.jpg,1166.976,355.968,100
1316.jpg,1166.976,389.016,100
1317.jpg,1166.976,443.988,100
1318.jpg,1166.976,447.012,100
1319.jpg,1166.976,447.012,100
1320.jpg,1166.976,497.016,100
1321.jpg,1166.976,524.9879999999999,100
1322.jpg,1166.976,539.028,100
1323.jpg,1166.976,590.976,100
1324.jpg,1166.976,618.9480000000001,100
1325.jpg,1166.976,624.024,100
1326.jpg,1166.976,650.052,100
1327.jpg,1167.936,320.976,100
1328.jpg,1167.936,320.976,100
1329.jpg,1167.936,320.976,100
1330.jpg,1167.936,343.98,100
1331.jpg,1167.936,431.028,100
1332.jpg,1167.936,493.99199999999996,100
1333.jpg,1167.936,532.98,100
1334.jpg,1167.936,575.9639999999999,100
1335.jpg,1167.936,644.004,100
1336.jpg,1167.936,667.008,100
1337.jpg,1169.088,303.048,100
1338.jpg,1169.088,392.03999999999996,100
1339.jpg,1169.088,490.968,100
1340.jpg,1169.088,686.016,100
1341.jpg,1170.048,335.01599999999996,100
1342.jpg,1170.048,335.988,100
1343.jpg,1170.048,365.04,100
1344.jpg,1170.048,466.02,100
1345.jpg,1170.048,482.00399999999996,100
1346.jpg,1170.048,508.032,100
1347.jpg,1170.048,621.972,100
1348.jpg,1170.048,655.9920000000001,100
1349.jpg,1170.048,686.9879999999999,100
1350.jpg,1171.008,280.044,100
1351.jpg,1171.008,289.98,100
1352.jpg,1171.008,330.048,100
1353.jpg,1171.008,583.9559999999999,100
1354.jpg,1171.008,602.964,100
1355.jpg,1171.008,633.9599999999999,100
1356.jpg,1171.008,639.0360000000001,100
1357.jpg,1171.008,687.96,100
1358.jpg,1171.968,354.996,100
1359.jpg,1171.968,371.952,100
1360.jpg,1171.968,498.96000000000004,100
1361.jpg,1171.968,632.9879999999999,100
1362.jpg,1172.9279999999999,451.00800000000004,100
1363.jpg,1172.9279999999999,461.052,100
1364.jpg,1172.9279999999999,479.952,100
1365.jpg,1172.9279999999999,536.976,100
1366.jpg,1172.9279999999999,560.952,100
1367.jpg,1172.9279999999999,625.968,100
1368.jpg,1172.9279999999999,651.996,100
1369.jpg,1174.0800000000002,375.94800000000004,100
1370.jpg,1174.0800000000002,505.98,100
1371.jpg,1174.0800000000002,513.0,100
1372.jpg,1174.0800000000002,521.964,100
1373.jpg,1174.0800000000002,527.04,100
1374.jpg,1174.0800000000002,628.9920000000001,100
1375.jpg,1174.0800000000002,672.948,100
1376.jpg,1175.04,589.032,100
1377.jpg,1175.04,620.028,100
1378.jpg,1176.0,385.02,100
1379.jpg,1176.0,505.98,100
1380.jpg,1176.0,532.98,100
1381.jpg,1176.0,624.024,100
1382.jpg,1176.96,351.97200000000004,100
1383.jpg,1176.96,374.004,100
1384.jpg,1176.96,450.036,100
1385.jpg,1176.96,501.012,100
1386.jpg,1176.96,506.952,100
1387.jpg,1176.96,536.976,100
1388.jpg,1176.96,624.996,100
1389.jpg,1177.92,312.012,100
1390.jpg,1177.92,316.97999999999996,100
1391.jpg,1177.92,354.024,100
1392.jpg,1177.92,435.024,100
1393.jpg,1177.92,667.008,100
1394.jpg,1177.92,667.008,100
1395.jpg,1177.92,686.9879999999999,100
1396.jpg,1179.072,316.00800000000004,100
1397.jpg,1179.072,366.984,100
1398.jpg,1179.072,369.036,100
1399.jpg,1179.072,404.02799999999996,100
1400.jpg,1179.072,601.992,100
1401.jpg,1179.072,627.048,100
1402.jpg,1179.072,681.048,100
1403.jpg,1180.0320000000002,600.048,100
1404.jpg,1180.992,343.008,100
1405.jpg,1180.992,479.952,100
1406.jpg,1180.992,489.024,100
1407.jpg,1180.992,559.0079999999999,100
1408.jpg,1181.952,552.96,100
1409.jpg,1181.952,635.04,100
1410.jpg,1181.952,647.028,100
1411.jpg,1182.912,362.988,100
1412.jpg,1182.912,393.98400000000004,100
1413.jpg,1182.912,443.988,100
1414.jpg,1182.912,633.9599999999999,100
1415.jpg,1182.912,713.988,100
1416.jpg,1184.064,317.952,100
1417.jpg,1184.064,319.032,100
1418.jpg,1184.064,525.96,100
1419.jpg,1184.064,609.012,100
1420.jpg,1185.024,424.008,100
1421.jpg,1185.024,474.98400000000004,100
1422.jpg,1185.024,478.008,100
1423.jpg,1185.024,515.052,100
1424.jpg,1185.9840000000002,107.02799999999999,100
1425.jpg,1185.9840000000002,299.05199999999996,100
1426.jpg,1185.9840000000002,601.02,100
1427.jpg,1186.944,265.032,100
1428.jpg,1186.944,313.956,100
1429.jpg,1186.944,390.96,100
1430.jpg,1186.944,398.952,100
1431.jpg,1186.944,578.016,100
1432.jpg,1186.944,598.968,100
1433.jpg,1186.944,690.0120000000001,100
1434.jpg,1188.096,357.048,100
1435.jpg,1188.096,451.00800000000004,100
1436.jpg,1188.096,536.004,100
1437.jpg,1188.096,536.004,100
1438.jpg,1188.096,550.044,100
1439.jpg,1188.096,648.0,100
1440.jpg,1189.056,289.98,100
1441.jpg,1189.056,357.048,100
1442.jpg,1189.056,357.048,100
1443.jpg,1189.056,357.048,100
1444.jpg,1189.056,535.032,100
1445.jpg,1189.056,628.9920000000001,100
1446.jpg,1190.016,312.012,100
1447.jpg,1190.016,447.012,100
1448.jpg,1190.016,473.04,100
1449.jpg,1190.016,531.0360000000001,100
1450.jpg,1190.016,550.044,100
1451.jpg,1190.016,582.0120000000001,100
1452.jpg,1190.016,609.012,100
1453.jpg,1190.016,639.0360000000001,100
1454.jpg,1190.016,732.024,100
1455.jpg,1190.9759999999999,606.96,100
1456.jpg,1190.9759999999999,609.9839999999999,100
1457.jpg,1190.9759999999999,643.032,100
1458.jpg,1190.9759999999999,644.976,100
1459.jpg,1190.9759999999999,650.052,100
1460.jpg,1190.9759999999999,659.9879999999999,100
1461.jpg,1191.9360000000001,427.032,100
1462.jpg,1191.9360000000001,482.976,100
1463.jpg,1191.9360000000001,486.0,100
1464.jpg,1191.9360000000001,674.028,100
1465.jpg,1193.088,446.03999999999996,100
1466.jpg,1194.048,334.04400000000004,100
1467.jpg,1194.048,459.0,100
1468.jpg,1194.048,501.012,100
1469.jpg,1194.048,515.052,100
1470.jpg,1194.048,721.98,100
1471.jpg,1195.0079999999998,307.044,100
1472.jpg,1195.0079999999998,555.0120000000001,100
1473.jpg,1195.0079999999998,655.0200000000001,100
1474.jpg,1195.0079999999998,686.9879999999999,100
1475.jpg,1195.968,276.048,100
1476.jpg,1195.968,478.98,100
1477.jpg,1195.968,606.96,100
1478.jpg,1196.9279999999999,300.024,100
1479.jpg,1196.9279999999999,359.964,100
1480.jpg,1196.9279999999999,366.984,100
1481.jpg,1196.9279999999999,407.052,100
1482.jpg,1196.9279999999999,563.976,100
1483.jpg,1196.9279999999999,721.98,100
1484.jpg,1198.08,361.044,100
1485.jpg,1198.08,564.948,100
1486.jpg,1199.0400000000002,655.9920000000001,100
1487.jpg,1200.0,362.988,100
1488.jpg,1200.0,373.032,100
1489.jpg,1200.0,671.0039999999999,100
1490.jpg,1200.0,698.004,100
1491.jpg,1200.9599999999998,381.99600000000004,100
1492.jpg,1200.9599999999998,563.976,100
1493.jpg,1200.9599999999998,573.048,100
1494.jpg,1201.92,293.976,100
1495.jpg,1201.92,486.0,100
1496.jpg,1201.92,570.996,100
1497.jpg,1201.92,609.9839999999999,100
1498.jpg,1201.92,640.008,100
1499.jpg,1203.0720000000001,570.996,100
1500.jpg,1203.0720000000001,640.008,100
1501.jpg,1204.032,412.02,100
1502.jpg,1204.032,552.96,100
1503.jpg,1204.032,772.956,100
1504.jpg,1204.9920000000002,381.99600000000004,100
1505.jpg,1204.9920000000002,509.004,100
1506.jpg,1205.952,358.02000000000004,100
1507.jpg,1205.952,358.99199999999996,100
